acc,f1_m,loss,model_type,precision_m,recall_m,specific_name
0.9069677637591589,0.7762661981036123,0.2579103708461288,hrnet,0.8187425669110917,0.7393777735160645,simple_binary
